https://www.michelvigoureux.fr/,seo,75
https://www.michelvigoureux.fr/seo/,seo,32
https://www.michelvigoureux.fr/python-seo/,seo,22
https://www.michelvigoureux.fr/seo-technique/,seo,29
https://www.michelvigoureux.fr/a-propos-de-moi,seo,12
https://www.michelvigoureux.fr/contact,seo,12
https://www.michelvigoureux.fr/seo/decouvrir-l-operateur-site-google,seo,16
https://www.michelvigoureux.fr/python-seo/analyse-logs-secrets-robots-moteurs-recherche,seo,17
https://www.michelvigoureux.fr/python-seo/verification-des-codes-de-statut-des-urls-avec-python,seo,17
https://www.michelvigoureux.fr/python-seo/comment-installer-python-3-sur-ubuntu,seo,16
https://www.michelvigoureux.fr/python-seo/pourquoi-choisir-python-en-seo,seo,24
https://www.michelvigoureux.fr/seo-technique/les-robots-des-moteurs-de-recherche,seo,16
https://www.michelvigoureux.fr/seo-technique/guide-seo-optimisation-brotli,seo,19
https://www.michelvigoureux.fr/seo-technique/optimisation-url-seo,seo,28
https://www.michelvigoureux.fr/seo-technique/guide-installation-search-console-validation-dns,seo,16
https://www.michelvigoureux.fr/seo/comprendre-l-importance-des-backlinks-en-seo,seo,20
https://www.michelvigoureux.fr/seo/analyse-volatilite-classement-mise-a-jour-google-aout-2023,seo,16
https://www.michelvigoureux.fr/seo/ameliorer-la-vitesse-de-chargement-largest-contentful-paint-lcp,seo,16
https://www.michelvigoureux.fr/seo/optimiser-core-web-vitals-classement-google,seo,18
https://www.michelvigoureux.fr/seo/guide-complet-redaction-seo,seo,26
https://www.michelvigoureux.fr/seo/augmentez-votre-trafic-organique,seo,19
https://www.michelvigoureux.fr/seo-technique/optimisation-temps-reponse-serveur-seo,seo,19
